0,7.7986e-06
1,5.6372e-08
1.0049,5.9996e-08
1.0098,6.3767e-08
1.0147,6.7678e-08
1.0196,7.1719e-08
1.0246,7.5881e-08
1.0296,8.0154e-08
1.0346,8.4527e-08
1.0396,8.8991e-08
1.0447,9.3535e-08
1.0498,9.8147e-08
1.0549,1.0282e-07
1.06,1.0753e-07
1.0652,1.1228e-07
1.0703,1.1705e-07
1.0755,1.2183e-07
1.0808,1.2662e-07
1.086,1.3138e-07
1.0913,1.3612e-07
1.0966,1.4083e-07
1.102,1.4548e-07
1.1073,1.5008e-07
1.1127,1.546e-07
1.1181,1.5903e-07
1.1236,1.6337e-07
1.1291,1.676e-07
1.1346,1.7171e-07
1.1401,1.7569e-07
1.1456,1.7953e-07
1.1512,1.8321e-07
1.1568,1.8674e-07
1.1624,1.901e-07
1.1681,1.9328e-07
1.1738,1.9627e-07
1.1795,1.9907e-07
1.1852,2.0166e-07
1.191,2.0404e-07
1.1968,2.0621e-07
1.2026,2.0815e-07
1.2085,2.0987e-07
1.2144,2.1135e-07
1.2203,2.126e-07
1.2262,2.1361e-07
1.2322,2.1438e-07
1.2382,2.1491e-07
1.2442,2.1519e-07
1.2502,2.1523e-07
1.2563,2.1502e-07
1.2624,2.1458e-07
1.2686,2.1389e-07
1.2748,2.1297e-07
1.281,2.1182e-07
1.2872,2.1044e-07
1.2935,2.0883e-07
1.2998,2.0701e-07
1.3061,2.0498e-07
1.3125,2.0275e-07
1.3188,2.0032e-07
1.3253,1.9771e-07
1.3317,1.9492e-07
1.3382,1.9197e-07
1.3447,1.8886e-07
1.3512,1.8561e-07
1.3578,1.8223e-07
1.3644,1.7874e-07
1.3711,1.7513e-07
1.3777,1.7144e-07
1.3845,1.6767e-07
1.3912,1.6383e-07
1.398,1.5994e-07
1.4048,1.5601e-07
1.4116,1.5206e-07
1.4185,1.4809e-07
1.4254,1.4413e-07
1.4323,1.4019e-07
1.4393,1.3628e-07
1.4463,1.3241e-07
1.4533,1.2859e-07
1.4604,1.2484e-07
1.4675,1.2117e-07
1.4747,1.1759e-07
1.4818,1.141e-07
1.489,1.1072e-07
1.4963,1.0745e-07
1.5036,1.0431e-07
1.5109,1.0129e-07
1.5182,9.8403e-08
1.5256,9.5652e-08
1.5331,9.3041e-08
1.5405,9.057e-08
1.548,8.8242e-08
1.5556,8.6055e-08
1.5631,8.4008e-08
1.5707,8.21e-08
1.5784,8.0327e-08
1.5861,7.8686e-08
1.5938,7.7171e-08
1.6015,7.5778e-08
1.6093,7.45e-08
1.6172,7.3332e-08
1.625,7.2266e-08
1.6329,7.1294e-08
1.6409,7.0411e-08
1.6489,6.9608e-08
1.6569,6.8879e-08
1.665,6.8216e-08
1.6731,6.7613e-08
1.6812,6.7063e-08
1.6894,6.6561e-08
1.6976,6.6103e-08
1.7059,6.5684e-08
1.7142,6.5301e-08
1.7225,6.4952e-08
1.7309,6.4635e-08
1.7393,6.435e-08
1.7478,6.4098e-08
1.7563,6.3881e-08
1.7649,6.3701e-08
1.7734,6.3563e-08
1.7821,6.347e-08
1.7907,6.3429e-08
1.7995,6.3445e-08
1.8082,6.3525e-08
1.817,6.3676e-08
1.8259,6.3905e-08
1.8348,6.4218e-08
1.8437,6.4624e-08
1.8527,6.5128e-08
1.8617,6.5737e-08
1.8707,6.6456e-08
1.8798,6.7289e-08
1.889,6.824e-08
1.8982,6.931e-08
1.9074,7.0499e-08
1.9167,7.1808e-08
1.926,7.3232e-08
1.9354,7.4768e-08
1.9448,7.641e-08
1.9543,7.8149e-08
1.9638,7.9976e-08
1.9734,8.188e-08
1.983,8.3849e-08
1.9926,8.5868e-08
2,8.743e-08
2.0023,8.7923e-08
2.0121,8.9999e-08
2.0219,9.2077e-08
2.0317,9.4143e-08
2.0416,9.6179e-08
2.0515,9.8168e-08
2.0615,1.001e-07
2.0715,1.0195e-07
2.0816,1.037e-07
2.0918,1.0536e-07
2.1019,1.069e-07
2.1122,1.0831e-07
2.1224,1.0959e-07
2.1328,1.1074e-07
2.1432,1.1175e-07
2.1536,1.1262e-07
2.1641,1.1334e-07
2.1746,1.1394e-07
2.1852,1.144e-07
2.1958,1.1473e-07
2.2065,1.1495e-07
2.2172,1.1506e-07
2.228,1.1507e-07
2.2389,1.1499e-07
2.2498,1.1484e-07
2.2607,1.146e-07
2.2717,1.1431e-07
2.2828,1.1396e-07
2.2939,1.1355e-07
2.3051,1.131e-07
2.3163,1.126e-07
2.3276,1.1205e-07
2.3389,1.1146e-07
2.3503,1.1081e-07
2.3617,1.1009e-07
2.3732,1.0931e-07
2.3848,1.0845e-07
2.3964,1.0749e-07
2.408,1.0644e-07
2.4197,1.0527e-07
2.4315,1.0398e-07
2.4434,1.0256e-07
2.4552,1.0099e-07
2.4672,9.9266e-08
2.4792,9.7391e-08
2.4913,9.5358e-08
2.5034,9.3168e-08
2.5156,9.0827e-08
2.5278,8.834e-08
2.5401,8.5721e-08
2.5525,8.2983e-08
2.5649,8.0144e-08
2.5774,7.7224e-08
2.5899,7.4247e-08
2.6025,7.1238e-08
2.6152,6.8223e-08
2.6279,6.5229e-08
2.6407,6.2282e-08
2.6536,5.9409e-08
2.6665,5.6635e-08
2.6795,5.3982e-08
2.6925,5.1468e-08
2.7056,4.9112e-08
2.7188,4.6924e-08
2.732,4.4912e-08
2.7453,4.3082e-08
2.7587,4.1431e-08
2.7721,3.9955e-08
2.7856,3.8644e-08
2.7992,3.7486e-08
2.8128,3.6463e-08
2.8265,3.5557e-08
2.8402,3.4746e-08
2.8541,3.4007e-08
2.8679,3.3315e-08
2.8819,3.2649e-08
2.8959,3.1984e-08
2.91,3.13e-08
2.9242,3.0578e-08
2.9384,2.98e-08
2.9527,2.8955e-08
2.9671,2.8033e-08
2.9815,2.7028e-08
2.9961,2.5939e-08
3.0106,2.4769e-08
3.0253,2.3524e-08
3.04,2.2216e-08
3.0548,2.0857e-08
3.0697,1.9465e-08
3.0846,1.8059e-08
3.0996,1.6662e-08
3.1147,1.5296e-08
3.1299,1.3985e-08
3.1451,1.2755e-08
3.1604,1.1629e-08
3.1758,1.063e-08
3.1913,9.7799e-09
3.2068,9.0992e-09
3.2224,8.6052e-09
3.2381,8.3125e-09
3.2538,8.233e-09
3.2697,8.375e-09
3.2856,8.7434e-09
3.3016,9.3395e-09
3.3176,1.0161e-08
3.3338,1.1202e-08
3.35,1.2454e-08
3.3663,1.3904e-08
3.3827,1.5535e-08
3.3992,1.733e-08
3.4157,1.9267e-08
3.4323,2.1323e-08
3.449,2.3471e-08
3.4658,2.5685e-08
3.4827,2.7937e-08
3.4997,3.0195e-08
3.5167,3.243e-08
3.5338,3.4611e-08
3.551,3.6709e-08
3.5683,3.8694e-08
3.5857,4.054e-08
3.6031,4.2219e-08
3.6206,4.3712e-08
3.6383,4.4998e-08
3.656,4.6064e-08
3.6738,4.6901e-08
3.6916,4.7506e-08
3.7096,4.7882e-08
3.7277,4.8038e-08
3.7458,4.799e-08
3.764,4.776e-08
3.7824,4.7375e-08
3.8008,4.6866e-08
3.8193,4.627e-08
3.8379,4.5622e-08
3.8565,4.496e-08
3.8753,4.4319e-08
3.8942,4.3731e-08
3.9131,4.3224e-08
3.9322,4.2819e-08
3.9513,4.2529e-08
3.9705,4.236e-08
3.9899,4.2312e-08
4.0093,4.2376e-08
4.0288,4.2538e-08
4.0484,4.2783e-08
4.0681,4.309e-08
4.0879,4.3443e-08
4.1078,4.3827e-08
4.1278,4.4234e-08
4.1479,4.4662e-08
4.1681,4.512e-08
4.1884,4.5627e-08
4.2087,4.6211e-08
4.2292,4.6909e-08
4.2498,4.7766e-08
4.2705,4.8832e-08
4.2913,5.0158e-08
4.3122,5.1793e-08
4.3332,5.3781e-08
4.3542,5.6154e-08
4.3754,5.8933e-08
4.3967,6.212e-08
4.4181,6.5695e-08
4.4396,6.9619e-08
4.4612,7.383e-08
4.483,7.8239e-08
4.5048,8.2741e-08
4.5267,8.7209e-08
4.5487,9.1503e-08
4.5709,9.5477e-08
4.5931,9.8982e-08
4.6155,1.0187e-07
4.6379,1.0403e-07
4.6605,1.0535e-07
4.6832,1.0576e-07
4.706,1.0524e-07
4.7289,1.0381e-07
4.7519,1.0154e-07
4.775,9.856e-08
4.7983,9.5032e-08
4.8216,9.1172e-08
4.8451,8.7222e-08
4.8687,8.3441e-08
4.8924,8.0089e-08
4.9162,7.7404e-08
4.9401,7.5591e-08
4.9642,7.48e-08
4.9883,7.5114e-08
5,7.5666e-08
5.0126,7.6543e-08
5.037,7.9014e-08
5.0615,8.2379e-08
5.0861,8.6425e-08
5.1109,9.0884e-08
5.1358,9.5455e-08
5.1608,9.9826e-08
5.1859,1.037e-07
5.2111,1.0681e-07
5.2365,1.0895e-07
5.262,1.0998e-07
5.2876,1.0982e-07
5.3133,1.0849e-07
5.3392,1.0608e-07
5.3652,1.0273e-07
5.3913,9.8643e-08
5.4175,9.4036e-08
5.4439,8.9154e-08
5.4704,8.4236e-08
5.497,7.9503e-08
5.5238,7.5154e-08
5.5507,7.1355e-08
5.5777,6.8239e-08
5.6048,6.5909e-08
5.6321,6.4443e-08
5.6595,6.3895e-08
5.6871,6.4303e-08
5.7147,6.5687e-08
5.7425,6.8055e-08
5.7705,7.1395e-08
5.7986,7.567e-08
5.8268,8.0814e-08
5.8552,8.6722e-08
5.8837,9.3247e-08
5.9123,1.002e-07
5.9411,1.0733e-07
5.97,1.1439e-07
5.999,1.2107e-07
6.0282,1.2709e-07
6.0576,1.3217e-07
6.0871,1.3607e-07
6.1167,1.3861e-07
6.1465,1.3971e-07
6.1764,1.3935e-07
6.2064,1.3761e-07
6.2366,1.3463e-07
6.267,1.3063e-07
6.2975,1.2586e-07
6.3282,1.2058e-07
6.359,1.1503e-07
6.3899,1.0941e-07
6.421,1.0385e-07
6.4523,9.8395e-08
6.4837,9.302e-08
6.5152,8.7629e-08
6.5469,8.2078e-08
6.5788,7.6205e-08
6.6108,6.9875e-08
6.643,6.3009e-08
6.6753,5.5627e-08
6.7078,4.7867e-08
6.7405,3.9992e-08
6.7733,3.2377e-08
6.8062,2.5477e-08
6.8394,1.9767e-08
6.8726,1.5681e-08
6.9061,1.3542e-08
6.9397,1.3504e-08
6.9735,1.5512e-08
7,1.834e-08
7.0074,1.9296e-08
7.0415,2.4393e-08
7.0758,3.0202e-08
7.1102,3.6062e-08
7.1448,4.1338e-08
7.1796,4.5499e-08
7.2146,4.8182e-08
7.2497,4.9218e-08
7.285,4.8633e-08
7.3204,4.6613e-08
7.356,4.3456e-08
7.3918,3.9509e-08
7.4278,3.5117e-08
7.464,3.0584e-08
7.5003,2.6146e-08
7.5368,2.1971e-08
7.5735,1.8167e-08
7.6104,1.4792e-08
7.6474,1.1872e-08
7.6846,9.4074e-09
7.722,7.3851e-09
7.7596,5.7793e-09
7.7974,4.5601e-09
7.8353,3.7004e-09
7.8735,3.1843e-09
7.9118,3.0131e-09
7.9503,3.206e-09
7.989,3.7922e-09
8.0279,4.7968e-09
8.0669,6.2241e-09
8.1062,8.0448e-09
8.1456,1.0195e-08
8.1853,1.2594e-08
8.2251,1.5173e-08
8.2652,1.7917e-08
8.3054,2.0904e-08
8.3458,2.432e-08
8.3864,2.8447e-08
8.4273,3.3606e-08
8.4683,4.0064e-08
8.5095,4.7921e-08
8.5509,5.6997e-08
8.5925,6.676e-08
8.6343,7.6323e-08
8.6764,8.453e-08
8.7186,9.0134e-08
8.761,9.2049e-08
8.8037,8.9616e-08
8.8465,8.2836e-08
8.8896,7.2484e-08
8.9328,6.0071e-08
8.9763,4.7614e-08
9.02,3.7267e-08
9.0639,3.0864e-08
9.108,2.9493e-08
9.1524,3.3213e-08
9.1969,4.1004e-08
9.2417,5.0977e-08
9.2866,6.0814e-08
9.3318,6.8314e-08
9.3773,7.1907e-08
9.4229,7.0982e-08
9.4688,6.5951e-08
9.5148,5.8027e-08
9.5612,4.8812e-08
9.6077,3.9838e-08
9.6544,3.2202e-08
9.7014,2.6402e-08
9.7487,2.2391e-08
9.7961,1.9785e-08
9.8438,1.8107e-08
9.8917,1.6969e-08
9.9398,1.6135e-08
9.9882,1.5481e-08
10,1.534e-08
10.037,1.4922e-08
10.086,1.4358e-08
10.135,1.3689e-08
10.184,1.2875e-08
10.234,1.199e-08
10.283,1.1223e-08
10.334,1.0808e-08
10.384,1.0917e-08
10.434,1.1565e-08
10.485,1.2595e-08
10.536,1.3741e-08
10.587,1.4764e-08
10.639,1.5595e-08
10.691,1.6429e-08
10.743,1.7731e-08
10.795,2.0116e-08
10.848,2.4142e-08
10.9,3.0041e-08
10.953,3.7498e-08
11.007,4.5564e-08
11.06,5.2788e-08
11.114,5.7575e-08
11.168,5.8668e-08
11.223,5.5588e-08
11.277,4.8832e-08
11.332,3.9738e-08
11.387,3.0045e-08
11.443,2.1351e-08
11.498,1.4682e-08
11.554,1.0349e-08
11.611,8.0987e-09
11.667,7.4178e-09
11.724,7.81e-09
11.781,8.9154e-09
11.838,1.0464e-08
11.896,1.2164e-08
11.954,1.3636e-08
12.012,1.4461e-08
12.07,1.4314e-08
12.129,1.3086e-08
12.188,1.094e-08
12.248,8.2698e-09
12.307,5.5837e-09
12.367,3.3597e-09
12.427,1.9216e-09
12.488,1.3696e-09
12.549,1.5974e-09
12.61,2.3899e-09
12.671,3.544e-09
12.733,4.9193e-09
12.795,6.3689e-09
12.857,7.6212e-09
12.919,8.2865e-09
12.982,8.1078e-09
13.046,7.3513e-09
13.109,6.9928e-09
13.173,8.3732e-09
13.237,1.2356e-08
13.301,1.8507e-08
13.366,2.4993e-08
13.431,2.9465e-08
13.497,3.0488e-08
13.562,2.8516e-08
13.628,2.5693e-08
13.695,2.454e-08
13.761,2.6422e-08
13.828,3.0805e-08
13.896,3.5697e-08
13.963,3.8842e-08
14,3.9271e-08
14.031,3.885e-08
14.099,3.565e-08
14.168,3.0223e-08
14.237,2.3967e-08
14.306,1.8097e-08
14.376,1.332e-08
14.446,9.7832e-09
14.516,7.2211e-09
14.587,5.2036e-09
14.658,3.4019e-09
14.729,1.7796e-09
14.801,6.0337e-10
14.873,2.452e-10
14.945,9.1506e-10
15.018,2.5512e-09
15.091,4.9466e-09
15.165,7.9073e-09
15.238,1.119e-08
15.313,1.4307e-08
15.387,1.6592e-08
15.462,1.771e-08
15.537,1.8098e-08
15.613,1.8689e-08
15.689,1.9996e-08
15.765,2.152e-08
15.842,2.2247e-08
15.919,2.1733e-08
15.996,2.0525e-08
16.074,1.9424e-08
16.153,1.8511e-08
16.231,1.7084e-08
16.31,1.4519e-08
16.39,1.102e-08
16.469,7.4892e-09
16.549,4.7873e-09
16.63,3.1755e-09
16.711,2.3567e-09
16.792,1.9428e-09
16.874,1.8417e-09
16.956,2.1744e-09
17.039,2.838e-09
17.122,3.3109e-09
17.205,3.0733e-09
17.289,2.2006e-09
17.373,1.3889e-09
17.457,1.4264e-09
17.542,2.7658e-09
17.628,5.4232e-09
17.714,8.8556e-09
17.8,1.1906e-08
17.886,1.3391e-08
17.973,1.3088e-08
18.061,1.1877e-08
18.149,1.069e-08
18.237,9.5582e-09
18.326,7.9565e-09
18.415,5.8302e-09
18.505,3.9717e-09
18.595,3.4471e-09
18.685,4.7222e-09
18.776,7.2124e-09
18.868,9.7227e-09
18.959,1.154e-08
19.052,1.3014e-08
19.144,1.4953e-08
19.238,1.7875e-08
19.331,2.2088e-08
19.425,2.7673e-08
19.52,3.3491e-08
19.615,3.685e-08
19.71,3.5349e-08
19.806,2.9015e-08
19.903,2.0128e-08
20,1.1519e-08
20,1.1487e-08
20.097,5.6167e-09
20.195,4.0064e-09
20.293,6.3379e-09
20.392,9.8949e-09
20.491,1.1485e-08
20.591,1.0046e-08
20.691,7.0218e-09
20.792,4.4925e-09
20.893,3.5099e-09
20.995,3.9329e-09
21.097,5.0308e-09
21.199,6.1509e-09
21.303,7.4217e-09
21.406,9.7528e-09
21.51,1.3194e-08
21.615,1.5367e-08
21.72,1.3395e-08
21.826,8.4309e-09
21.932,6.3999e-09
22.039,1.2016e-08
22.146,2.2635e-08
22.254,3.0036e-08
22.362,2.8566e-08
22.471,2.0276e-08
22.581,1.1633e-08
22.691,6.7517e-09
22.801,5.3984e-09
22.912,6.0693e-09
23.023,7.7305e-09
23.136,8.8104e-09
23.248,7.8501e-09
23.361,5.5906e-09
23.475,4.3701e-09
23.589,5.6163e-09
23.704,8.6717e-09
23.819,1.1177e-08
23.935,1.0927e-08
24.052,8.3918e-09
24.169,6.3074e-09
24.287,6.3463e-09
24.405,7.8997e-09
24.524,1.0075e-08
24.643,1.2924e-08
24.763,1.6304e-08
24.883,1.8544e-08
25.004,1.726e-08
25.126,1.2161e-08
25.248,6.1469e-09
25.371,2.2909e-09
25.495,8.8341e-10
25.619,6.5433e-10
25.744,8.377e-10
25.869,1.0628e-09
25.995,2.0647e-09
26.121,5.982e-09
26.248,1.2072e-08
26.376,1.5212e-08
26.505,1.2686e-08
26.634,7.2926e-09
26.763,2.6876e-09
26.893,8.8765e-10
27.024,1.665e-09
27.156,2.9182e-09
27.288,4.2021e-09
27.421,7.5029e-09
27.554,1.5412e-08
27.688,2.704e-08
27.823,3.4099e-08
27.959,3.0186e-08
28.095,2.0489e-08
28.231,1.3507e-08
28.369,1.156e-08
28.507,1.2616e-08
28.646,1.3054e-08
28.785,9.4147e-09
28.925,5.3371e-09
29.066,7.3155e-09
29.207,1.2678e-08
29.35,1.7826e-08
29.492,2.2412e-08
29.636,2.2026e-08
29.78,1.4688e-08
29.925,5.853e-09
30.071,1.7547e-09
30.217,2.1035e-09
30.364,3.7104e-09
30.512,4.2867e-09
30.661,4.1655e-09
30.81,1.9687e-08
30.96,1.104e-07
31.11,2.9895e-07
31.262,4.101e-07
31.414,2.9173e-07
31.567,1.0145e-07
31.721,1.4085e-08
31.875,4.1443e-10
32.03,4.611e-09
32.186,1.2256e-08
32.343,1.2365e-08
32.5,6.398e-09
32.658,6.0775e-09
32.817,1.24e-08
32.977,1.8457e-08
33.137,2.0105e-08
33.299,1.9611e-08
33.461,1.7231e-08
33.624,1.3108e-08
33.787,1.1684e-08
33.952,1.3501e-08
34.117,1.4383e-08
34.283,1.3513e-08
34.45,1.1529e-08
34.617,7.7293e-09
34.786,4.9974e-09
34.955,5.5364e-09
35.125,9.1939e-09
35.296,8.0499e-09
35.468,4.6027e-09
35.641,7.6728e-09
35.814,1.2326e-08
35.989,1.2876e-08
36.164,9.6356e-09
36.34,6.1576e-09
36.517,4.9349e-09
36.694,4.0956e-09
36.873,2.6739e-09
37.052,2.0277e-09
37.233,2.848e-09
37.414,5.0907e-09
37.596,7.4099e-09
37.779,9.0465e-09
37.963,1.0499e-08
38.148,1.2018e-08
38.333,1.1728e-08
38.52,9.0549e-09
38.707,6.1883e-09
38.896,5.1057e-09
39.085,6.1938e-09
39.275,1.1285e-08
39.466,1.6345e-08
39.659,1.4404e-08
39.852,1.0907e-08
40,6.4449e-09
40.046,4.8959e-09
40.24,8.8456e-10
40.436,9.4278e-10
40.633,4.9442e-09
40.831,8.478e-09
41.03,8.3366e-09
41.229,1.047e-08
41.43,1.7064e-08
41.632,1.0632e-08
41.834,1.2207e-09
42.038,1.3477e-09
42.242,3.3041e-09
42.448,4.6531e-09
42.655,3.6873e-09
42.862,1.2259e-09
43.071,9.0016e-10
43.281,1.9075e-09
43.491,4.2884e-09
43.703,6.8171e-09
43.916,7.6801e-09
44.129,8.2896e-09
44.344,9.9939e-09
44.56,8.5911e-09
44.777,6.8975e-09
44.995,6.9905e-09
45.214,6.7106e-09
45.434,5.7211e-09
45.655,6.7652e-09
45.877,9.3846e-09
46.1,1.1241e-08
46.325,8.2935e-09
46.55,4.3259e-09
46.777,6.1203e-09
47.004,1.0268e-08
47.233,1.4444e-08
47.463,1.1697e-08
47.694,6.8759e-09
47.926,2.9754e-09
48.16,1.8377e-09
48.394,1.8642e-09
48.629,5.5365e-09
48.866,2.0261e-09
49.104,2.9214e-09
49.343,1.1801e-08
49.583,1.1187e-08
49.824,3.6672e-09
50,5.4103e-09
50.067,5.7635e-09
50.311,1.4375e-09
50.555,2.262e-09
50.802,6.8581e-09
51.049,5.7108e-09
51.297,2.1983e-10
51.547,5.0594e-09
51.798,7.1561e-09
52.05,5.0812e-09
52.303,1.0795e-08
52.558,1.2065e-08
52.814,1.1911e-08
53.071,9.7275e-09
53.329,3.0374e-09
53.589,7.2224e-09
53.849,1.5865e-08
54.111,4.2845e-09
54.375,4.9007e-09
54.639,1.1469e-08
54.905,2.5618e-09
55.173,1.2567e-08
55.441,5.7372e-09
55.711,3.1176e-09
55.982,1.5758e-09
56.255,3.1739e-09
56.528,4.6494e-09
56.804,3.949e-09
57.08,2.2434e-09
57.358,3.5299e-09
57.637,7.4281e-09
57.917,1.4298e-08
58.199,7.9259e-09
58.483,8.0553e-10
58.767,4.3904e-10
59.053,3.597e-09
59.341,2.084e-09
59.63,1.6525e-07
59.92,9.3292e-07
60.211,4.2431e-07
60.504,9.9814e-09
60.799,5.1199e-09
61.095,3.9728e-09
61.392,2.1446e-09
61.691,1.9613e-09
61.991,1.2089e-08
62.293,2.0745e-07
62.596,3.3181e-07
62.901,3.5367e-08
63.207,7.3243e-09
63.515,4.7309e-09
63.824,6.282e-09
64.134,1.2865e-08
64.447,7.2607e-09
64.76,7.39e-09
65.075,2.4047e-09
65.392,1.9438e-09
65.71,3.6435e-09
66.03,2.0474e-08
66.352,5.7036e-09
66.675,8.8364e-10
66.999,3.2302e-09
67.325,4.7505e-09
67.653,2.3368e-09
67.982,9.6218e-09
68.313,9.0465e-09
68.645,3.6407e-09
68.98,5.0494e-09
69.315,6.2756e-09
69.653,7.5347e-09
69.992,9.5273e-10
70.332,2.5576e-09
70.675,2.3987e-09
71.019,5.7293e-09
71.364,6.4975e-09
71.712,7.9166e-09
72.061,3.6246e-09
72.411,1.2893e-09
72.764,8.3286e-09
73.118,4.9314e-09
73.474,4.115e-09
73.831,4.0407e-09
74.191,3.2383e-09
74.552,1.1912e-09
74.915,2.9664e-09
75.279,9.8387e-09
75.646,5.6896e-09
76.014,5.9218e-09
76.384,3.194e-09
76.756,2.4214e-09
77.129,1.5404e-08
77.505,7.9131e-09
77.882,3.5407e-09
78.261,8.8076e-09
78.642,6.1145e-09
79.024,3.8974e-09
79.409,1.4542e-09
79.796,2.0356e-09
80,4.1691e-09
80.184,8.3541e-09
80.574,4.8117e-09
80.966,3.6631e-09
81.36,9.8954e-09
81.756,3.7267e-09
82.154,2.6991e-09
82.554,3.7382e-09
82.956,2.4389e-09
83.36,1.0876e-08
83.766,3.8926e-09
84.173,2.6549e-09
84.583,7.9864e-09
84.995,8.7832e-09
85.408,5.9309e-09
85.824,4.8034e-09
86.242,5.2325e-09
86.661,2.7385e-09
87.083,5.454e-09
87.507,3.1564e-09
87.933,2.4498e-09
88.361,1.9169e-09
88.791,3.318e-09
89.223,3.9566e-10
89.657,7.7033e-10
90.094,3.1108e-09
90.532,7.6575e-09
90.973,3.0815e-09
91.416,8.0353e-09
91.861,2.4392e-09
92.308,7.1333e-09
92.757,1.3502e-09
93.208,2.2635e-09
93.662,1.8468e-07
94.118,1.5643e-08
94.576,1.8612e-09
95.036,6.6411e-09
95.499,6.2371e-09
95.964,4.1654e-09
96.431,7.047e-09
96.9,3.9117e-09
97.372,5.2329e-09
97.846,3.2778e-09
98.322,2.0583e-09
98.8,2.2886e-10
99.281,2.5546e-09
99.764,2.8227e-09
100,3.0922e-09
100.25,2.8062e-09
100.74,3.8457e-09
101.23,4.1486e-09
101.72,1.0245e-08
102.22,7.955e-09
102.71,4.482e-09
103.21,4.2294e-09
103.72,2.4201e-09
104.22,3.1365e-09
104.73,1.2179e-09
105.24,1.6686e-09
105.75,3.9941e-09
106.26,2.1455e-09
106.78,8.2342e-10
107.3,5.001e-09
107.82,1.5221e-09
108.35,4.8595e-09
108.88,6.0726e-09
109.41,3.9575e-09
109.94,3.2407e-09
110.47,7.8153e-10
111.01,3.4644e-09
111.55,6.1869e-09
112.09,2.7116e-09
112.64,2.9333e-09
113.19,1.8584e-09
113.74,6.0125e-09
114.29,5.9799e-09
114.85,4.9275e-09
115.41,3.6636e-09
115.97,3.1298e-09
116.53,9.0791e-09
117.1,8.0211e-09
117.67,2.2049e-09
118.24,3.1192e-09
118.82,3.3859e-09
119.4,9.269e-09
119.98,3.7021e-08
120.56,4.7101e-09
121.15,3.1538e-09
121.74,3.0632e-09
122.33,5.8243e-09
122.93,2.0873e-09
123.53,3.9338e-09
124.13,7.8924e-09
124.73,5.2188e-08
125.34,3.4267e-08
125.95,9.6217e-10
126.56,4.0526e-09
127.18,3.0565e-10
127.8,4.3196e-09
128.42,6.2523e-09
129.04,2.3418e-09
129.67,1.7787e-09
130.3,3.9065e-09
130.94,1.2002e-09
131.57,2.6622e-09
132.21,1.2127e-09
132.86,2.1727e-09
133.5,2.8201e-09
134.15,3.1912e-09
134.81,3.1029e-09
135.46,5.7297e-09
136.12,7.8362e-09
136.78,2.1864e-09
137.45,2.8624e-09
138.12,1.7627e-09
138.79,1.5258e-09
139.47,1.0983e-08
140,3.4265e-09
140.15,3.3114e-09
140.83,9.2226e-09
141.51,6.4916e-09
142.2,5.2862e-09
142.89,6.9678e-09
143.59,3.5991e-09
144.29,4.9108e-10
144.99,1.1594e-08
145.7,9.0505e-10
146.41,2.1999e-10
147.12,3.1237e-09
147.83,3.044e-09
148.55,2.8758e-09
149.28,1.3734e-09
150,1.4656e-09
150.73,8.9085e-09
151.47,2.4938e-09
152.2,2.7e-09
152.94,3.295e-09
153.69,4.126e-09
154.44,3.613e-09
155.19,1.5248e-09
155.94,6.2748e-08
156.7,1.0537e-08
157.47,5.7235e-09
158.23,5.1114e-09
159,1.1964e-09
159.78,3.6172e-09
160.55,2.5253e-09
161.34,4.266e-09
162.12,2.2711e-09
162.91,4.3823e-09
163.7,1.7568e-09
164.5,3.0145e-09
165.3,3.7921e-09
166.1,1.8703e-09
166.91,3.771e-09
167.73,4.1302e-09
168.54,2.8356e-09
169.36,1.6894e-09
170.19,4.894e-09
171.01,8.5098e-10
171.85,4.7596e-09
172.68,2.0662e-09
173.52,1.4683e-09
174.37,5.4445e-09
175.22,3.0912e-09
176.07,1.7175e-09
176.93,2.2773e-09
177.79,3.1806e-09
178.65,5.9565e-09
179.52,8.7406e-09
180.4,2.1807e-09
181.27,4.0738e-09
182.16,1.9963e-09
183.04,1.0968e-09
183.93,4.4614e-10
184.83,1.1331e-09
185.73,7.9079e-09
186.63,1.3101e-09
187.54,2.6873e-07
188.45,7.738e-09
189.37,2.5666e-09
190.29,3.9125e-09
191.22,1.5418e-09
192.15,8.4563e-10
193.09,2.7417e-09
194.02,2.9414e-09
194.97,7.7938e-09
195.92,1.7615e-09
196.87,4.302e-09
197.83,5.3511e-10
198.79,6.1978e-09
199.76,4.9718e-09
200,3.0126e-09
200.73,2.6818e-09
201.71,2.608e-09
202.69,1.2542e-09
203.68,2.2728e-10
204.67,4.0908e-09
205.67,3.7756e-09
206.67,1.3067e-09
207.67,5.9092e-10
208.68,3.3386e-09
209.7,3.5932e-09
210.72,7.1812e-09
211.74,6.286e-09
212.78,1.6395e-09
213.81,4.671e-09
214.85,8.898e-10
215.9,5.3477e-10
216.95,1.5228e-09
218,4.0051e-09
219.06,3.8167e-08
220.13,1.3731e-09
221.2,2.7639e-09
222.28,2.7534e-09
223.36,1.1415e-09
224.45,4.9945e-09
225.54,4.0914e-09
226.64,8.0274e-09
227.74,4.8773e-10
228.85,1.0485e-09
229.96,2.6686e-09
231.08,2.0795e-09
232.21,1.6321e-09
233.34,2.0194e-09
234.47,6.0898e-09
235.61,5.0344e-10
236.76,2.0173e-09
237.91,3.2155e-09
239.07,2.1636e-09
240.24,5.6921e-09
241.4,4.8779e-09
242.58,5.1679e-09
243.76,3.3448e-09
244.95,4.7437e-09
246.14,1.1414e-09
247.34,2.4482e-09
248.54,3.9555e-09
249.75,9.4068e-09
250.97,1.6587e-09
252.19,1.0888e-09
253.41,2.8877e-09
254.65,4.1481e-09
255.89,4.5964e-09
257.13,6.2432e-10
258.38,1.9878e-09
259.64,1.7686e-09
260.91,7.8818e-10
262.18,5.7503e-10
263.45,2.2937e-09
264.73,8.016e-10
266.02,3.5551e-09
267.32,1.0136e-09
268.62,2.2416e-09
269.93,2.8696e-09
271.24,3.6528e-09
272.56,5.1457e-09
273.89,2.1327e-09
275.22,2.6017e-09
276.56,1.6621e-09
277.9,3.2556e-09
279.26,8.5903e-10
280.62,3.6227e-09
281.98,5.9639e-10
283.35,5.8538e-09
284.73,4.1356e-09
286.12,9.8266e-10
287.51,1.9739e-09
288.91,1.8382e-09
290.32,3.5963e-10
291.73,1.4677e-09
293.15,2.6553e-09
294.58,3.4884e-09
296.01,3.9556e-09
297.45,3.2008e-09
298.9,2.224e-09
300.35,8.5309e-09
301.82,2.9731e-09
303.28,7.7023e-09
304.76,4.4923e-09
306.24,1.6698e-09
307.73,4.7401e-09
309.23,2.2045e-09
310.74,2.6245e-09
312.25,1.1801e-08
313.77,6.7373e-10
315.3,3.7611e-09
316.83,5.561e-09
318.37,1.1321e-09
319.92,5.0386e-09
321.48,1.2391e-09
323.04,8.1613e-09
324.62,2.0117e-09
326.2,9.1517e-10
327.78,1.133e-09
329.38,3.1427e-10
330.98,1.6177e-09
332.59,3.5241e-09
334.21,2.3304e-09
335.84,2.7364e-09
337.47,1.9491e-09
339.12,7.9381e-10
340.77,4.7728e-09
342.43,2.2238e-09
344.09,3.0575e-09
345.77,1.8047e-09
347.45,1.9798e-09
349.14,2.1918e-09
350.84,2.815e-10
352.55,3.3332e-09
354.26,6.2153e-10
355.99,4.0726e-10
357.72,2.2701e-09
359.46,8.1691e-09
361.21,1.4092e-09
362.97,2.2997e-09
364.74,1.897e-09
366.51,1.9158e-09
368.29,1.5474e-09
370.09,4.826e-09
371.89,2.6015e-09
373.7,5.8606e-09
375.52,2.9838e-09
377.35,1.3643e-09
379.18,2.0213e-09
381.03,4.9313e-09
382.88,7.787e-10
384.75,2.7241e-09
386.62,1.8338e-10
388.5,2.2569e-09
390.39,4.4115e-10
392.29,1.9601e-09
394.2,2.2068e-09
396.12,2.1174e-09
398.05,9.9188e-10
399.98,7.8207e-10
401.93,1.7506e-09
403.89,5.0351e-10
405.85,2.3715e-09
407.83,5.7009e-10
409.81,3.5587e-09
411.81,8.8699e-10
413.81,2.4876e-09
415.83,6.6471e-10
417.85,2.0657e-09
419.88,1.5375e-07
421.93,1.4351e-09
423.98,3.1795e-10
426.04,2.3959e-09
428.12,1.7322e-09
430.2,1.2778e-10
432.3,1.6421e-09
434.4,1.3387e-09
436.51,3.0996e-09
438.64,1.8806e-09
440.77,1.5106e-09
442.92,8.779e-10
445.07,6.663e-10
447.24,2.2981e-09
449.42,8.5813e-10
451.6,2.6634e-09
453.8,1.52e-09
456.01,1.8954e-10
458.23,4.0621e-09
460.46,1.4169e-09
462.7,1.7279e-09
464.95,4.1631e-10
467.22,1.6241e-09
469.49,1.9341e-09
471.78,2.3431e-09
474.07,1.7074e-09
476.38,6.3378e-09
478.7,1.2261e-09
481.03,7.0443e-10
483.37,3.6425e-09
485.72,2.7474e-09
488.09,7.2888e-10
490.46,7.6523e-10
492.85,6.4824e-10
495.25,5.4685e-10
497.66,1.6829e-09
500,4.9541e-08
500.08,4.7456e-08
502.51,1.7391e-09
504.96,1.5683e-09
507.42,6.8846e-10
509.89,7.4363e-10
512.37,8.2201e-10
514.86,3.8117e-09
517.37,6.8849e-09
519.89,2.3641e-09
522.42,8.7026e-10
524.96,1.8795e-09
527.51,3.5118e-09
530.08,4.3492e-10
532.66,2.0793e-09
535.25,1.3234e-09
537.86,1.0168e-09
540.48,6.2493e-10
543.11,5.1965e-10
545.75,5.4722e-10
548.41,2.614e-09
551.08,8.0509e-10
553.76,3.3673e-09
556.45,1.7777e-09
559.16,3.0511e-09
561.88,7.1534e-10
564.62,2.7639e-09
567.37,1.148e-09
570.13,1.3884e-09
572.9,1.6671e-09
575.69,2.9973e-10
578.49,5.8548e-10
581.31,6.0059e-10
584.14,1.7978e-09
586.98,9.4187e-10
589.84,4.953e-10
592.71,8.8892e-10
595.59,4.5534e-10
598.49,1.932e-10
601.4,1.9772e-09
604.33,3.3611e-10
607.27,1.4986e-09
610.23,8.9742e-10
613.2,1.3342e-09
616.18,3.1168e-09
619.18,3.1946e-09
622.2,1.0984e-09
625.22,6.2865e-10
628.27,1.8888e-09
631.32,1.4903e-09
634.4,3.9647e-10
637.49,8.5606e-10
640.59,7.7595e-10
643.71,1.0104e-09
646.84,6.943e-10
649.99,9.4224e-10
653.15,1.2896e-09
656.33,3.2707e-09
659.52,1.7244e-08
662.73,2.6666e-09
665.96,9.803e-10
669.2,2.5403e-09
672.46,7.3001e-10
675.73,1.4995e-09
679.02,2.1613e-09
682.32,8.2124e-10
685.65,6.433e-10
688.98,1.8783e-09
692.34,2.6361e-10
695.71,1.7823e-09
699.09,1.8574e-09
702.49,1.0754e-09
705.91,1.0301e-09
709.35,1.753e-09
712.8,1.6985e-09
716.27,3.7259e-09
719.76,6.5357e-08
723.26,5.1512e-10
726.78,1.133e-09
730.32,5.165e-10
733.87,2.1517e-09
737.44,1.2516e-09
741.03,1.5092e-10
744.64,5.1511e-10
748.26,1.2545e-09
751.91,1.6415e-09
755.57,9.6369e-10
759.24,2.7325e-09
762.94,4.5124e-10
766.65,6.7893e-10
770.38,4.3712e-10
774.13,1.1546e-09
777.9,1.2576e-09
781.69,1.5532e-10
785.49,5.4867e-10
789.31,1.2086e-09
793.16,2.6875e-09
797.02,1.9035e-09
800.89,1.6284e-09
804.79,2.0454e-09
808.71,2.1237e-09
812.65,1.2296e-09
816.6,6.6715e-10
820.58,2.8923e-10
824.57,6.5739e-10
828.58,3.9433e-10
832.62,3.285e-10
836.67,1.464e-09
840.74,2.5849e-09
844.83,1.0402e-09
848.94,1.0843e-09
853.08,1.8854e-10
857.23,2.992e-09
861.4,2.9888e-09
865.59,7.0387e-10
869.81,3.1327e-10
874.04,1.1863e-09
878.29,9.0983e-10
882.57,2.3552e-10
886.86,1.4651e-09
891.18,1.2036e-09
895.52,9.4563e-10
899.88,4.7108e-08
904.26,1.5547e-09
908.66,8.049e-10
913.08,3.2876e-10
917.52,1.3471e-09
921.99,1.5857e-09
926.48,1.4633e-09
930.99,2.0971e-09
935.52,1.6208e-09
940.07,2.2623e-09
944.65,3.7671e-10
949.24,2.7169e-10
953.86,9.9586e-10
958.51,1.7258e-09
963.17,1.5315e-09
967.86,7.7403e-10
972.57,7.1441e-10
977.3,3.9937e-10
982.06,9.3981e-11
986.84,1.4852e-09
991.64,3.5626e-10
996.47,7.4158e-10
1000,4.9838e-09
1001.3,6.8341e-10
1006.2,2.4483e-10
1011.1,1.3528e-09
1016,5.5258e-10
1021,1.5037e-10
1025.9,5.9328e-10
1030.9,9.6443e-11
1035.9,5.84e-10
1041,1.3675e-09
1046,7.6522e-10
1051.1,1.3917e-09
1056.3,9.836e-10
1061.4,4.8418e-10
1066.6,7.2191e-10
1071.7,6.1712e-10
1077,4.8561e-10
1082.2,7.2848e-10
1087.5,4.6702e-10
1092.8,3.059e-10
1098.1,5.2331e-10
1103.4,9.4133e-10
1108.8,3.7198e-10
1114.2,1.8727e-09
1119.6,5.791e-10
1125.1,1.3515e-09
1130.5,6.8488e-10
1136,7.2742e-10
1141.6,5.5777e-10
1147.1,4.0423e-10
1152.7,5.5463e-10
1158.3,1.1646e-09
1164,3.563e-10
1169.6,2.4887e-10
1175.3,3.4017e-10
1181,1.6468e-09
1186.8,5.0077e-10
1192.6,7.1731e-10
1198.4,9.3039e-10
1204.2,6.7179e-10
1210.1,1.8632e-09
1216,9.6975e-11
1221.9,8.2629e-10
1227.8,5.3013e-10
1233.8,7.4551e-10
1239.8,1.9361e-09
1245.8,2.0121e-09
1251.9,3.3651e-10
1258,1.6403e-09
1264.1,4.7511e-10
1270.3,5.0839e-10
1276.4,4.7168e-10
1282.7,2.5616e-09
1288.9,1.2077e-09
1295.2,8.5904e-10
1301.5,7.0026e-10
1307.8,8.912e-10
1314.2,1.2553e-09
1320.6,2.0508e-09
1327,3.5661e-09
1333.5,6.5323e-10
1340,3.9444e-10
1346.5,1.8047e-09
1353,1.1352e-11
1359.6,2.0252e-09
1366.2,7.0981e-10
1372.9,7.1451e-10
1379.6,1.2307e-08
1386.3,1.6134e-09
1393,7.9223e-10
1399.8,1.4147e-09
1406.6,1.4116e-09
1413.5,1.6196e-09
1420.3,7.1087e-10
1427.3,7.7751e-10
1434.2,7.5373e-10
1441.2,1.5572e-09
1448.2,5.4984e-10
1455.2,1.3042e-09
1462.3,1.2504e-09
1469.4,1.7567e-09
1476.6,1.7896e-09
1483.8,5.788e-10
1491,3.868e-10
1498.3,3.1261e-10
1505.6,4.0259e-10
1512.9,2.2432e-09
1520.2,1.1888e-09
1527.6,5.4508e-10
1535.1,7.0462e-10
1542.6,5.7938e-10
1550.1,3.0881e-10
1557.6,6.9255e-10
1565.2,6.8673e-10
1572.8,1.0951e-09
1580.5,1.1468e-09
1588.1,9.7289e-10
1595.9,4.352e-10
1603.6,4.557e-10
1611.5,3.8945e-10
1619.3,1.1607e-08
1627.2,7.0691e-10
1635.1,7.8018e-10
1643.1,5.9471e-10
1651.1,4.8011e-10
1659.1,7.2251e-10
1667.2,4.016e-10
1675.3,1.5504e-10
1683.4,7.042e-10
1691.6,3.5082e-10
1699.9,8.3233e-10
1708.1,1.7771e-09
1716.4,4.0796e-10
1724.8,4.0557e-10
1733.2,1.6201e-09
1741.6,7.7974e-11
1750.1,2.1193e-10
1758.6,1.0599e-09
1767.2,3.5781e-10
1775.8,2.679e-10
1784.4,3.6144e-10
1793.1,8.2868e-10
1801.8,1.2783e-10
1810.6,3.5582e-10
1819.4,1.1391e-09
1828.3,6.5152e-10
1837.2,5.309e-10
1846.1,4.4709e-10
1855.1,5.25e-11
1864.1,1.0743e-09
1873.2,2.3057e-10
1882.3,7.847e-10
1891.5,2.5892e-10
1900.7,2.4118e-10
1909.9,1.2548e-10
1919.2,2.0496e-09
1928.6,4.4948e-10
1938,6.267e-10
1947.4,1.8414e-09
1956.9,9.0074e-10
1966.4,4.5439e-10
1976,2.1954e-10
1985.6,9.8653e-10
1995.2,6.8486e-10
2000,1.2412e-08
2005,7.1546e-10
2014.7,2.3135e-10
2024.5,3.5105e-10
2034.4,3.7545e-10
2044.3,7.6095e-10
2054.2,6.1298e-10
2064.2,2.6408e-10
2074.3,1.4516e-09
2084.4,1.4928e-09
2094.5,6.8697e-10
2104.7,4.438e-10
2115,5.2919e-10
2125.2,1.1465e-09
2135.6,1.0364e-09
2146,1.3969e-10
2156.4,3.2665e-10
2166.9,1.1279e-09
2177.5,6.9917e-10
2188.1,1.1119e-09
2198.7,2.1155e-09
2209.4,2.9247e-10
2220.2,1.1668e-09
2231,8.1554e-11
2241.8,6.8371e-10
2252.7,1.1446e-09
2263.7,1.1459e-10
2274.7,2.7412e-10
2285.8,6.2535e-10
2296.9,6.3157e-10
2308.1,3.0713e-10
2319.3,8.2595e-11
2330.6,6.3489e-10
2342,1.407e-09
2353.4,2.9228e-10
2364.8,2.0194e-10
2376.3,2.4612e-10
2387.9,9.578e-10
2399.5,1.0126e-09
2411.2,1.2706e-09
2422.9,3.4101e-11
2434.7,1.606e-09
2446.6,1.0113e-09
2458.5,3.6359e-10
2470.5,4.9382e-10
2482.5,2.7334e-10
2494.6,1.8411e-10
2506.7,1.3431e-09
2518.9,5.1992e-10
2531.2,9.3973e-10
2543.5,2.4772e-09
2555.9,2.4711e-10
2568.3,2.5459e-10
2580.8,1.1902e-10
2593.4,4.6376e-10
2606,1.4198e-10
2618.7,2.7432e-10
2631.4,4.0963e-10
2644.2,2.1827e-09
2657.1,9.2887e-10
2670,6.3595e-10
2683,5.1331e-10
2696.1,2.4633e-10
2709.2,4.8082e-10
2722.4,3.3858e-10
2735.6,1.2789e-09
2748.9,1.5622e-09
2762.3,6.0668e-11
2775.8,2.2754e-11
2789.3,6.4381e-11
2802.9,8.9846e-10
2816.5,3.3047e-10
2830.2,2.7594e-10
2844,7.0699e-10
2857,7.1506e-10
2857.8,2.7843e-10
2871.7,1.6499e-09
2885.7,2.4841e-10
2899.8,7.5392e-10
2913.9,2.3697e-10
2928,3.5043e-10
2942.3,1.1327e-09
2956.6,8.4005e-10
2971,3.5833e-10
2985.5,3.2507e-10
3000,2.0197e-08
